-- phpMyAdmin SQL Dump
-- version 4.5.1
-- http://www.phpmyadmin.net
--
-- Host: 127.0.0.1
-- Generation Time: Dec 18, 2016 at 11:25 AM
-- Server version: 10.1.13-MariaDB
-- PHP Version: 5.6.20

SET SQL_MODE = "NO_AUTO_VALUE_ON_ZERO";
SET time_zone = "+00:00";


/*!40101 SET @OLD_CHARACTER_SET_CLIENT=@@CHARACTER_SET_CLIENT */;
/*!40101 SET @OLD_CHARACTER_SET_RESULTS=@@CHARACTER_SET_RESULTS */;
/*!40101 SET @OLD_COLLATION_CONNECTION=@@COLLATION_CONNECTION */;
/*!40101 SET NAMES utf8mb4 */;

--
-- Database: `apidb`
--

-- --------------------------------------------------------

--
-- Table structure for table `auth_assignment`
--

CREATE TABLE `auth_assignment` (
  `item_name` varchar(64) NOT NULL,
  `user_id` varchar(64) NOT NULL,
  `created_at` int(11) DEFAULT NULL
) ENGINE=InnoDB DEFAULT CHARSET=latin1;

--
-- Dumping data for table `auth_assignment`
--

INSERT INTO `auth_assignment` (`item_name`, `user_id`, `created_at`) VALUES
('create-admin', '1', NULL),
('delete-admin', '1', NULL),
('super-admin', '1', NULL),
('update-admin', '1', NULL);

-- --------------------------------------------------------

--
-- Table structure for table `auth_item`
--

CREATE TABLE `auth_item` (
  `name` varchar(64) NOT NULL,
  `type` int(11) NOT NULL,
  `description` text,
  `rule_name` varchar(64) DEFAULT NULL,
  `data` text,
  `created_at` int(11) DEFAULT NULL,
  `updated_at` int(11) DEFAULT NULL
) ENGINE=InnoDB DEFAULT CHARSET=latin1;

--
-- Dumping data for table `auth_item`
--

INSERT INTO `auth_item` (`name`, `type`, `description`, `rule_name`, `data`, `created_at`, `updated_at`) VALUES
('create-admin', 1, 'can create admin', NULL, NULL, NULL, NULL),
('delete-admin', 1, 'can delete admin', NULL, NULL, NULL, NULL),
('super-admin', 1, 'can do everything', NULL, NULL, NULL, NULL),
('update-admin', 1, 'can update admin', NULL, NULL, NULL, NULL);

-- --------------------------------------------------------

--
-- Table structure for table `auth_item_child`
--

CREATE TABLE `auth_item_child` (
  `parent` varchar(64) NOT NULL,
  `child` varchar(64) NOT NULL
) ENGINE=InnoDB DEFAULT CHARSET=latin1;

--
-- Dumping data for table `auth_item_child`
--

INSERT INTO `auth_item_child` (`parent`, `child`) VALUES
('super-admin', 'create-admin'),
('super-admin', 'delete-admin'),
('super-admin', 'update-admin');

-- --------------------------------------------------------

--
-- Table structure for table `auth_rule`
--

CREATE TABLE `auth_rule` (
  `name` varchar(64) NOT NULL,
  `data` text,
  `created_at` int(11) DEFAULT NULL,
  `updated_at` int(11) DEFAULT NULL
) ENGINE=InnoDB DEFAULT CHARSET=latin1;

-- --------------------------------------------------------

--
-- Table structure for table `contact`
--

CREATE TABLE `contact` (
  `id` int(11) NOT NULL,
  `name` varchar(100) NOT NULL,
  `email` varchar(100) NOT NULL,
  `subject` int(100) NOT NULL,
  `body` text NOT NULL
) ENGINE=InnoDB DEFAULT CHARSET=latin1;

-- --------------------------------------------------------

--
-- Table structure for table `faqs`
--

CREATE TABLE `faqs` (
  `id` int(11) NOT NULL,
  `question` varchar(255) NOT NULL,
  `answer` text NOT NULL,
  `other_info` varchar(255) NOT NULL
) ENGINE=InnoDB DEFAULT CHARSET=latin1;

--
-- Dumping data for table `faqs`
--

INSERT INTO `faqs` (`id`, `question`, `answer`, `other_info`) VALUES
(1, 'what is SMS?', 'Short Message Service', 'yeap'),
(2, 'what is  abcdr', 'its bla bla bla', '432'),
(3, 'whats the code for DLR', 'check our doc', '432'),
(4, 'what is ur name?', 'my name is kipchirchir', 'kvjnfd'),
(5, 'Instruction for Sending messages..', 'do this then do this', 'jdhj'),
(6, 'Instruction for Sending messages..', 'This is how i added the icon with text field. Also added the image of generated output. I don''t want to use Krajee \r\nYii Extensions. So i started to read the documentation.\r\n', '-'),
(7, 'Instruction for Sending messages..', 'xz', '');

-- --------------------------------------------------------

--
-- Table structure for table `migration`
--

CREATE TABLE `migration` (
  `version` varchar(180) NOT NULL,
  `apply_time` int(11) DEFAULT NULL
) ENGINE=InnoDB DEFAULT CHARSET=latin1;

--
-- Dumping data for table `migration`
--

INSERT INTO `migration` (`version`, `apply_time`) VALUES
('m000000_000000_base', 1479290246),
('m130524_201442_init', 1479290280);

-- --------------------------------------------------------

--
-- Table structure for table `pages`
--

CREATE TABLE `pages` (
  `page_id` int(255) NOT NULL,
  `page_url_name` varchar(255) NOT NULL,
  `title` varchar(255) NOT NULL,
  `subject` varchar(255) NOT NULL,
  `content` text NOT NULL,
  `otherinfo` varchar(255) NOT NULL
) ENGINE=InnoDB DEFAULT CHARSET=latin1;

--
-- Dumping data for table `pages`
--

INSERT INTO `pages` (`page_id`, `page_url_name`, `title`, `subject`, `content`, `otherinfo`) VALUES
(1, 'MTECH API', 'Message Api', 'Provide Technical specification for messaging', '<h1 style="text-align:center;text-indent:2em;">\r\n	<sub><strong><u><span style="font-size:14px;font-family:Arial;color:#9933E5;"><em>MTECH &nbsp;API TECHNICAL SPECIFICATIONS:</em></span></u></strong> </sub>\r\n</h1>\r\n<p class="MsoNormal" style="text-align:center;text-indent:2em;">\r\n	<sub><strong><u><span style="font-size:14px;font-family:&quot;"></span></u></strong> </sub>\r\n</p>\r\n<p style="text-indent:2em;">\r\n	<sub><br />\r\n</sub>\r\n</p>\r\n<hr />\r\n<sub><strong><u><br />\r\n</u></strong> </sub>\r\n<p>\r\n	<sub><br />\r\n</sub>\r\n</p>\r\n<p style="text-indent:2em;">\r\n	<sub><br />\r\n</sub>\r\n</p>\r\n<p class="MsoNormal" style="text-indent:2em;">\r\n	<sub><span style="font-size:14px;font-family:Arial;">Message can be send vie one of the two methods;</span> </sub>\r\n</p>\r\n<p class="MsoNormal" style="text-indent:2em;">\r\n	<sub><span style="font-family:Arial;font-size:14px;">1.&nbsp;&nbsp; HTTP MESSAGE\r\nSENDING</span> </sub>\r\n</p>\r\n<p class="MsoNormal" style="text-indent:2em;">\r\n	<sub><span style="font-family:Arial;font-size:14px;">2.&nbsp;&nbsp; SMPP MESSAGE\r\nSENDING<span style="color:#4C33E5;"></span></span> </sub>\r\n</p>\r\n<p class="MsoNormal" style="text-indent:2em;">\r\n	<sub><br />\r\n</sub>\r\n</p>\r\n<p class="MsoNormal" style="text-indent:2em;">\r\n	<sub><b><span style="font-family:Arial;font-size:14px;">HTTP MESSAGE SENDING</span></b> </sub>\r\n</p>\r\n<p class="MsoNormal" style="text-indent:2em;">\r\n	<sub><span style="font-family:Arial;font-size:14px;">The Mtech Messaging API is so simple to use.</span> </sub>\r\n</p>\r\n<p class="MsoNormal" style="text-indent:2em;">\r\n	<sub><span style="font-family:Arial;font-size:14px;">All you need to do is invoke the API with the parameters via\r\nPOST or GET and the request is queued on our system for pushing to the\r\noperator.</span> </sub>\r\n</p>\r\n<p class="MsoNormal" style="text-indent:2em;">\r\n	<sub><span style="font-family:Arial;font-size:14px;">You will require account credentials to be used to\r\nauthenticate against the API when sending out the message.</span> </sub>\r\n</p>\r\n<p class="MsoNormal" style="text-indent:2em;">\r\n	<sub><b><span style="font-family:Arial;font-size:14px;">PARAMETER DESCRIPTION</span></b> </sub>\r\n</p>\r\n<p style="text-indent:2em;">\r\n	<table class="MsoNormalTable" border="1" cellspacing="0" cellpadding="0" width="667" style="border-collapse:collapse;border:none;">\r\n		<tbody>\r\n			<tr>\r\n				<td width="97" valign="top" style="border:solid black 1.0pt;">\r\n					<p class="MsoNormal">\r\n						<sub><span style="font-family:Arial;font-size:14px;">Parameter</span> </sub>\r\n					</p>\r\n				</td>\r\n				<td width="342" valign="top" style="border:solid black 1.0pt;">\r\n					<p class="MsoNormal">\r\n						<sub><span style="font-family:Arial;font-size:14px;">Description</span> </sub>\r\n					</p>\r\n				</td>\r\n				<td width="108" valign="top" style="border:solid black 1.0pt;">\r\n					<p class="MsoNormal">\r\n						<sub><span style="font-family:Arial;font-size:14px;">Type</span> </sub>\r\n					</p>\r\n				</td>\r\n				<td width="120" valign="top" style="border:solid black 1.0pt;">\r\n					<p class="MsoNormal">\r\n						<sub><span style="font-family:Arial;font-size:14px;">Length</span> </sub>\r\n					</p>\r\n				</td>\r\n			</tr>\r\n			<tr>\r\n				<td width="97" valign="top" style="border:solid black 1.0pt;">\r\n					<p class="MsoNormal">\r\n						<sub><span style="font-family:Arial;font-size:14px;">User**</span> </sub>\r\n					</p>\r\n				</td>\r\n				<td width="342" valign="top" style="border:solid black 1.0pt;">\r\n					<p class="MsoNormal">\r\n						<sub><span style="font-family:Arial;font-size:14px;">Username as created and shared by an Mtech admin</span> </sub>\r\n					</p>\r\n				</td>\r\n				<td width="108" valign="top" style="border:solid black 1.0pt;">\r\n					<p class="MsoNormal">\r\n						<sub><span style="font-family:Arial;font-size:14px;">string</span> </sub>\r\n					</p>\r\n				</td>\r\n				<td width="120" valign="top" style="border:solid black 1.0pt;">\r\n					<p class="MsoNormal">\r\n						<sub><br />\r\n</sub>\r\n					</p>\r\n				</td>\r\n			</tr>\r\n			<tr>\r\n				<td width="97" valign="top" style="border:solid black 1.0pt;">\r\n					<p class="MsoNormal">\r\n						<sub><span style="font-family:Arial;font-size:14px;">Pass**</span> </sub>\r\n					</p>\r\n				</td>\r\n				<td width="342" valign="top" style="border:solid black 1.0pt;">\r\n					<p class="MsoNormal">\r\n						<sub><span style="font-family:Arial;font-size:14px;">Password as created and shared by an Mtech admin</span> </sub>\r\n					</p>\r\n				</td>\r\n				<td width="108" valign="top" style="border:solid black 1.0pt;">\r\n					<p class="MsoNormal">\r\n						<sub><span style="font-family:Arial;font-size:14px;">string</span> </sub>\r\n					</p>\r\n				</td>\r\n				<td width="120" valign="top" style="border:solid black 1.0pt;">\r\n					<p class="MsoNormal">\r\n						<sub><br />\r\n</sub>\r\n					</p>\r\n				</td>\r\n			</tr>\r\n			<tr>\r\n				<td width="97" valign="top" style="border:solid black 1.0pt;">\r\n					<p class="MsoNormal">\r\n						<sub><span style="font-family:Arial;font-size:14px;">MESSAGE**</span> </sub>\r\n					</p>\r\n				</td>\r\n				<td width="342" valign="top" style="border:solid black 1.0pt;">\r\n					<p class="MsoNormal">\r\n						<sub><span style="font-family:Arial;font-size:14px;">The message content</span> </sub>\r\n					</p>\r\n				</td>\r\n				<td width="108" valign="top" style="border:solid black 1.0pt;">\r\n					<p class="MsoNormal">\r\n						<sub><span style="font-family:Arial;font-size:14px;">text</span> </sub>\r\n					</p>\r\n				</td>\r\n				<td width="120" valign="top" style="border:solid black 1.0pt;">\r\n					<p class="MsoNormal">\r\n						<sub><span style="font-family:Arial;font-size:14px;">1-1000</span> </sub>\r\n					</p>\r\n				</td>\r\n			</tr>\r\n			<tr>\r\n				<td width="97" valign="top" style="border:solid black 1.0pt;">\r\n					<p class="MsoNormal">\r\n						<sub><span style="font-family:Arial;font-size:14px;">MSISDN**</span> </sub>\r\n					</p>\r\n				</td>\r\n				<td width="342" valign="top" style="border:solid black 1.0pt;">\r\n					<p class="MsoNormal">\r\n						<sub><span style="font-family:Arial;font-size:14px;">Recipient’s mobile number.</span> </sub>\r\n					</p>\r\n					<p class="MsoNormal">\r\n						<sub><span style="font-family:Arial;font-size:14px;">Should be in the international number format without the\r\n  leading + eg 254722000000</span> </sub>\r\n					</p>\r\n				</td>\r\n				<td width="108" valign="top" style="border:solid black 1.0pt;">\r\n					<p class="MsoNormal">\r\n						<sub><br />\r\n</sub>\r\n					</p>\r\n				</td>\r\n				<td width="120" valign="top" style="border:solid black 1.0pt;">\r\n					<p class="MsoNormal">\r\n						<sub><br />\r\n</sub>\r\n					</p>\r\n				</td>\r\n			</tr>\r\n			<tr>\r\n				<td width="97" valign="top" style="border:solid black 1.0pt;">\r\n					<p class="MsoNormal">\r\n						<sub><span style="font-family:Arial;font-size:14px;">shortCode**</span> </sub>\r\n					</p>\r\n				</td>\r\n				<td width="342" valign="top" style="border:solid black 1.0pt;">\r\n					<p class="MsoNormal">\r\n						<sub><span style="font-family:Arial;font-size:14px;">The sender Address.</span> </sub>\r\n					</p>\r\n				</td>\r\n				<td width="108" valign="top" style="border:solid black 1.0pt;">\r\n					<p class="MsoNormal">\r\n						<sub><span style="font-family:Arial;font-size:14px;">Var char</span> </sub>\r\n					</p>\r\n				</td>\r\n				<td width="120" valign="top" style="border:solid black 1.0pt;">\r\n					<p class="MsoNormal">\r\n						<sub><span style="font-family:Arial;font-size:14px;">4-8</span> </sub>\r\n					</p>\r\n				</td>\r\n			</tr>\r\n			<tr>\r\n				<td width="97" valign="top" style="border:solid black 1.0pt;">\r\n					<p class="MsoNormal">\r\n						<sub><span style="font-family:Arial;font-size:14px;">messageID</span> </sub>\r\n					</p>\r\n				</td>\r\n				<td width="342" valign="top" style="border:solid black 1.0pt;">\r\n					<p class="MsoNormal">\r\n						<sub><span style="font-family:Arial;font-size:14px;">Your reference ID. Necessary when you want to be get a\r\n  delivery report</span> </sub>\r\n					</p>\r\n				</td>\r\n				<td width="108" valign="top" style="border:solid black 1.0pt;">\r\n					<p class="MsoNormal">\r\n						<sub><span style="font-family:Arial;font-size:14px;">string</span> </sub>\r\n					</p>\r\n				</td>\r\n				<td width="120" valign="top" style="border:solid black 1.0pt;">\r\n					<p class="MsoNormal">\r\n						<sub><br />\r\n</sub>\r\n					</p>\r\n				</td>\r\n			</tr>\r\n			<tr>\r\n				<td width="97" valign="top" style="border:solid black 1.0pt;">\r\n					<p class="MsoNormal">\r\n						<sub><span style="font-family:Arial;font-size:14px;">linkID&nbsp;&nbsp;&nbsp;&nbsp;</span> </sub>\r\n					</p>\r\n				</td>\r\n				<td width="342" valign="top" style="border:solid black 1.0pt;">\r\n					<p class="MsoNormal">\r\n						<sub><span style="font-family:Arial;font-size:14px;">This is required for on?demand services</span> </sub>\r\n					</p>\r\n				</td>\r\n				<td width="108" valign="top" style="border:solid black 1.0pt;">\r\n					<p class="MsoNormal">\r\n						<sub><br />\r\n</sub>\r\n					</p>\r\n				</td>\r\n				<td width="120" valign="top" style="border:solid black 1.0pt;">\r\n					<p class="MsoNormal">\r\n						<sub><br />\r\n</sub>\r\n					</p>\r\n				</td>\r\n			</tr>\r\n		</tbody>\r\n	</table>\r\n</p>\r\n<p class="MsoNormal" style="text-indent:2em;">\r\n	<sub><span style="font-family:Arial;"><span style="font-size:14px;"></span><span style="font-size:14px;"></span></span> </sub>\r\n</p>\r\n<p class="MsoNormal" style="text-indent:2em;">\r\n	<sub><span style="font-family:Arial;font-size:14px;">NOTE. Fields marked with “*” are mandatory.</span> </sub>\r\n</p>\r\n<p class="MsoNormal" style="text-indent:2em;">\r\n	<sub><span style="font-family:Arial;font-size:14px;">The request should be submitted to the MTECH HTTP API URL</span> </sub>\r\n</p>\r\n<p class="MsoNormal" style="text-indent:2em;">\r\n	<sub><a href="http://ke.mtechcomm.com/bulkSMSV2/"><span style="color:blue;font-family:Arial;font-size:14px;">http://ke.mtechcomm.com/bulkSMSV2/</span></a><a href="http://ke.mtechcomm.com/bulkSMSV2/"></a> </sub>\r\n</p>\r\n<p class="MsoNormal" style="text-indent:2em;">\r\n	<sub><span style="font-family:Arial;font-size:14px;">example</span> </sub>\r\n</p>\r\n<p class="MsoNormal" style="text-indent:2em;">\r\n	<sub><span style="font-family:Arial;font-size:14px;">curl i </span><a href="http://ke.mtechcomm.com/bulkAPIV2/?user=demoUser&amp;pass=demoPassword&amp;message%20ID=msgID&amp;shortCode=DEMOSOURCEADDR&amp;MSISDN=254722000000&amp;MESSAGE=Thi%20s+is+an+Mtech+API+test+Message"><span style="color:blue;font-family:Arial;font-size:14px;">http://ke.mtechcomm.com/bulkAPIV2/?user=demoUser&amp;pass=demoPassword&amp;message\r\nID=msgID&amp;shortCode=DEMOSOURCEADDR&amp;MSISDN=254722000000&amp;MESSAGE=Thi\r\ns+is+an+Mtech+API+test+Message</span></a><a href="http://ke.mtechcomm.com/bulkAPIV2/?user=demoUser&amp;pass=demoPassword&amp;message%20ID=msgID&amp;shortCode=DEMOSOURCEADDR&amp;MSISDN=254722000000&amp;MESSAGE=Thi%20s+is+an+Mtech+API+test+Message"></a> </sub>\r\n</p>\r\n<p class="MsoNormal" style="text-indent:2em;">\r\n	<sub><a href="http://ke.mtechcomm.com/bulkAPIV2/?user=demoUser&amp;pass=demoPassword&amp;message%20ID=msgID&amp;shortCode=DEMOSOURCEADDR&amp;MSISDN=254722000000&amp;MESSAGE=Thi%20s+is+an+Mtech+API+test+Message"></a> </sub>\r\n</p>\r\n<p class="MsoNormal" style="text-indent:2em;">\r\n	<sub><b><span style="font-family:Arial;font-size:14px;">Sample Response</span></b> </sub>\r\n</p>\r\n<p class="MsoNormal" style="text-indent:2em;">\r\n	<sub><span style="font-family:Arial;font-size:14px;">200 Successfully Submitted Message [msgID] to Mtech</span> </sub>\r\n</p>\r\n<p class="MsoNormal" style="text-indent:2em;">\r\n	<sub><b><span style="font-family:Arial;font-size:14px;">API Response</span></b> </sub>\r\n</p>\r\n<p class="MsoNormal" style="text-indent:2em;">\r\n	<sub><span style="font-family:Arial;font-size:14px;">There are various responses from the API as listed below;</span> </sub>\r\n</p>\r\n<p class="MsoNormal" style="text-indent:2em;">\r\n	<sub><span style="font-family:Arial;font-size:14px;">1. </span><i><span style="font-family:Arial;font-size:14px;">200 Successfully\r\nSubmitted Message [messageID] to Mtech</span></i> </sub>\r\n</p>\r\n<p class="MsoNormal" style="text-indent:2em;">\r\n	<sub><span style="font-family:Arial;font-size:14px;">This is the response you get for a successful submission of\r\nyour message to the API. The parameter messageID will have the reference ID as\r\nprovided by you when submitting the message</span> </sub>\r\n</p>\r\n<p class="MsoNormal" style="text-indent:2em;">\r\n	<sub><span style="font-family:Arial;font-size:14px;">2</span><i><span style="font-family:Arial;font-size:14px;">. Authentication\r\nFailed - </span></i><span style="font-family:Arial;font-size:14px;">Wrong credentials were provided</span> </sub>\r\n</p>\r\n<p class="MsoNormal" style="text-indent:2em;">\r\n	<sub><span style="font-family:Arial;font-size:14px;">3. </span><i><span style="font-family:Arial;font-size:14px;">Missing MSISDN - </span></i><span style="font-family:Arial;font-size:14px;">No\r\ndestination address was provided</span> </sub>\r\n</p>\r\n<p class="MsoNormal" style="text-indent:2em;">\r\n	<sub><span style="font-family:Arial;font-size:14px;">4. </span><i><span style="font-family:Arial;font-size:14px;">Missing Message\r\nContent - </span></i><span style="font-family:Arial;font-size:14px;">No Message content was provided</span> </sub>\r\n</p>\r\n<p class="MsoNormal" style="text-indent:2em;">\r\n	<sub><span style="font-family:Arial;font-size:14px;">5. </span><i><span style="font-family:Arial;font-size:14px;">Missing Source\r\nAddres- </span></i><span style="font-family:Arial;font-size:14px;">No Source address was provided</span> </sub>\r\n</p>\r\n<p class="MsoNormal" style="text-indent:2em;">\r\n	<sub><span style="font-family:Arial;font-size:14px;">TO receive messages through our platform, you will be\r\nrequired to provide a URL to be configured for your short code to which we\r\nshall forward messages.</span> </sub>\r\n</p>\r\n<p class="MsoNormal" style="text-indent:2em;">\r\n	<sub><span style="font-family:Arial;font-size:14px;">Messages will be forwarded to you via HTTP GET in the below\r\nformat;</span> </sub>\r\n</p>\r\n<p class="MsoNormal" style="text-indent:2em;">\r\n	<sub><span style="font-family:Arial;font-size:14px;">&nbsp;</span><i><span style="font-family:Arial;font-size:14px;">http://yourUrl/recievingService?dest=DEST&amp;phone=MSISDN&amp;&amp;message=TXT </span></i> </sub>\r\n</p>\r\n<p class="MsoNormal" style="text-indent:2em;">\r\n	<sub><span style="font-family:Arial;font-size:14px;">Description of the above parameters</span> </sub>\r\n</p>\r\n<p style="text-indent:2em;">\r\n	<table class="MsoNormalTable" border="1" cellspacing="0" cellpadding="0" width="638" style="border-collapse:collapse;border:none;">\r\n		<tbody>\r\n			<tr>\r\n				<td width="319" valign="top" style="border:solid black 1.0pt;">\r\n					<p class="MsoNormal">\r\n						<sub><b><span style="font-family:Arial;font-size:14px;">Parameter</span></b> </sub>\r\n					</p>\r\n				</td>\r\n				<td width="319" valign="top" style="border:solid black 1.0pt;">\r\n					<p class="MsoNormal">\r\n						<sub><b><span style="font-family:Arial;font-size:14px;">Description</span></b> </sub>\r\n					</p>\r\n				</td>\r\n			</tr>\r\n			<tr>\r\n				<td width="319" valign="top" style="border:solid black 1.0pt;">\r\n					<p class="MsoNormal">\r\n						<sub><span style="font-family:Arial;font-size:14px;">dest</span> </sub>\r\n					</p>\r\n				</td>\r\n				<td width="319" valign="top" style="border:solid black 1.0pt;">\r\n					<p class="MsoNormal">\r\n						<sub><span style="font-family:Arial;font-size:14px;">The destination Source Addres</span> </sub>\r\n					</p>\r\n				</td>\r\n			</tr>\r\n			<tr>\r\n				<td width="319" valign="top" style="border:solid black 1.0pt;">\r\n					<p class="MsoNormal">\r\n						<sub><span style="font-family:Arial;font-size:14px;">Phone</span> </sub>\r\n					</p>\r\n				</td>\r\n				<td width="319" valign="top" style="border:solid black 1.0pt;">\r\n					<p class="MsoNormal">\r\n						<sub><span style="font-family:Arial;font-size:14px;">The Originating Mobile number</span> </sub>\r\n					</p>\r\n				</td>\r\n			</tr>\r\n			<tr>\r\n				<td width="319" valign="top" style="border:solid black 1.0pt;">\r\n					<p class="MsoNormal">\r\n						<sub><span style="font-family:Arial;font-size:14px;">message</span> </sub>\r\n					</p>\r\n				</td>\r\n				<td width="319" valign="top" style="border:solid black 1.0pt;">\r\n					<p class="MsoNormal">\r\n						<sub><span style="font-family:Arial;font-size:14px;">The message content</span> </sub>\r\n					</p>\r\n				</td>\r\n			</tr>\r\n		</tbody>\r\n	</table>\r\n</p>\r\n<p class="MsoNormal" style="text-indent:2em;">\r\n	<sub><br />\r\n</sub>\r\n</p>\r\n<p class="MsoNormal" style="text-indent:2em;">\r\n	<sub><b><span style="font-family:Arial;font-size:14px;">Expected Response</span></b> </sub>\r\n</p>\r\n<p class="MsoNormal" style="text-indent:2em;">\r\n	<sub><span style="font-family:Arial;font-size:14px;">HTTP/1.1 200 OK</span> </sub>\r\n</p>\r\n<p class="MsoNormal" style="text-indent:2em;">\r\n	<sub><span style="font-family:Arial;font-size:14px;">The sending service expects a response of HTTP status 200\r\nfrom your web server to consider the message as successful pushed to you</span> </sub>\r\n</p>\r\n<p class="MsoNormal" style="text-indent:2em;">\r\n	<sub><b><span style="font-family:Arial;font-size:14px;">HTTP DLR RECEIVING</span></b> </sub>\r\n</p>\r\n<p class="MsoNormal" style="text-indent:2em;">\r\n	<sub><span style="font-family:Arial;font-size:14px;">TO receive Delivery Reports for messages already sent\r\nthrough our platform, please provide URL for configuration on our end.</span> </sub>\r\n</p>\r\n<p class="MsoNormal" style="text-indent:2em;">\r\n	<sub><span style="font-family:Arial;font-size:14px;">The DLR (Delivery receipt) will be forwarded to you via HTTP\r\nGET in the below format;</span> </sub>\r\n</p>\r\n<p class="MsoNormal" style="text-indent:2em;">\r\n	<sub><i><span style="font-family:Arial;font-size:14px;">http://yourDlrUrl/dlrService?messageID=&lt;MESSAGEID&gt;&amp;status=&lt;DLR_STAT&gt;&amp;\r\nMSISDN=&lt;PHONE&gt;&amp;SOURCEADDR=&lt;SENDER&gt;</span></i> </sub>\r\n</p>\r\n<p class="MsoNormal" style="text-indent:2em;">\r\n	<sub><br />\r\n</sub>\r\n</p>\r\n<p class="MsoNormal" style="text-indent:2em;">\r\n	<sub><span style="font-family:Arial;font-size:14px;">Description of the above parameters</span> </sub>\r\n</p>\r\n<p style="text-indent:2em;">\r\n	<table class="MsoNormalTable" border="1" cellspacing="0" cellpadding="0" width="638" style="border-collapse:collapse;border:none;">\r\n		<tbody>\r\n			<tr>\r\n				<td width="319" valign="top" style="border:solid black 1.0pt;">\r\n					<p class="MsoNormal">\r\n						<sub><b><span style="font-family:Arial;font-size:14px;">Parameter</span></b> </sub>\r\n					</p>\r\n				</td>\r\n				<td width="319" valign="top" style="border:solid black 1.0pt;">\r\n					<p class="MsoNormal">\r\n						<sub><b><span style="font-family:Arial;font-size:14px;">Description</span></b> </sub>\r\n					</p>\r\n				</td>\r\n			</tr>\r\n			<tr>\r\n				<td width="319" valign="top" style="border:solid black 1.0pt;">\r\n					<p class="MsoNormal">\r\n						<sub><span style="font-family:Arial;font-size:14px;">MESSAGEID</span> </sub>\r\n					</p>\r\n				</td>\r\n				<td width="319" valign="top" style="border:solid black 1.0pt;">\r\n					<p class="MsoNormal">\r\n						<sub><span style="font-family:Arial;font-size:14px;">Unique message ID as provided by you during sending</span> </sub>\r\n					</p>\r\n				</td>\r\n			</tr>\r\n			<tr>\r\n				<td width="319" valign="top" style="border:solid black 1.0pt;">\r\n					<p class="MsoNormal">\r\n						<sub><span style="font-family:Arial;font-size:14px;">DLR_STAT</span> </sub>\r\n					</p>\r\n				</td>\r\n				<td width="319" valign="top" style="border:solid black 1.0pt;">\r\n					<p class="MsoNormal">\r\n						<sub><span style="font-family:Arial;font-size:14px;">DLR status (See below table for status definitions)</span> </sub>\r\n					</p>\r\n				</td>\r\n			</tr>\r\n			<tr>\r\n				<td width="319" valign="top" style="border:solid black 1.0pt;">\r\n					<p class="MsoNormal">\r\n						<sub><span style="font-family:Arial;font-size:14px;">SENDER</span> </sub>\r\n					</p>\r\n				</td>\r\n				<td width="319" valign="top" style="border:solid black 1.0pt;">\r\n					<p class="MsoNormal">\r\n						<sub><span style="font-family:Arial;font-size:14px;">The sender address</span> </sub>\r\n					</p>\r\n				</td>\r\n			</tr>\r\n			<tr>\r\n				<td width="319" valign="top" style="border:solid black 1.0pt;">\r\n					<p class="MsoNormal">\r\n						<sub><span style="font-family:Arial;font-size:14px;">PHONE</span> </sub>\r\n					</p>\r\n				</td>\r\n				<td width="319" valign="top" style="border:solid black 1.0pt;">\r\n					<p class="MsoNormal">\r\n						<sub><span style="font-family:Arial;font-size:14px;">The mobile phone that received the message</span> </sub>\r\n					</p>\r\n				</td>\r\n			</tr>\r\n		</tbody>\r\n	</table>\r\n</p>\r\n<p class="MsoNormal" style="text-indent:2em;">\r\n	<sub><br />\r\n</sub>\r\n</p>\r\n<p class="MsoNormal" style="text-indent:2em;">\r\n	<sub><b><span style="font-family:Arial;font-size:14px;">Expected Response</span></b> </sub>\r\n</p>\r\n<p class="MsoNormal" style="text-indent:2em;">\r\n	<sub><span style="font-family:Arial;font-size:14px;">HTTP/1.1 200 OK</span> </sub>\r\n</p>\r\n<p class="MsoNormal" style="text-indent:2em;">\r\n	<sub><span style="font-family:Arial;font-size:14px;">The sending service expects a response of HTTP status 200\r\nfrom your web server to consider the delivery receipt as successful pushed to\r\nyou.</span> </sub>\r\n</p>\r\n<p class="MsoNormal" style="text-indent:2em;">\r\n	<sub><span style="font-family:Arial;font-size:14px;">The table below outlines the various DLR status codes that\r\ncan be sent back and the meaning</span> </sub>\r\n</p>\r\n<p class="MsoNormal" style="text-indent:2em;">\r\n	<sub><br />\r\n</sub>\r\n</p>\r\n<p style="text-indent:2em;">\r\n	<table class="MsoNormalTable" border="1" cellspacing="0" cellpadding="0" width="563" style="border-collapse:collapse;border:none;">\r\n		<tbody>\r\n			<tr>\r\n				<td width="79" valign="top" style="border:solid black 1.0pt;">\r\n					<p class="MsoNormal">\r\n						<sub><b><span style="font-family:Arial;font-size:14px;">Status</span></b> </sub>\r\n					</p>\r\n				</td>\r\n				<td width="484" valign="top" style="border:solid black 1.0pt;">\r\n					<p class="MsoNormal">\r\n						<sub><b><span style="font-family:Arial;font-size:14px;">Description</span></b> </sub>\r\n					</p>\r\n				</td>\r\n			</tr>\r\n			<tr>\r\n				<td width="79" valign="top" style="border:solid black 1.0pt;">\r\n					<p class="MsoNormal">\r\n						<sub><span style="font-family:Arial;font-size:14px;">1</span> </sub>\r\n					</p>\r\n				</td>\r\n				<td width="484" valign="top" style="border:solid black 1.0pt;">\r\n					<p class="MsoNormal">\r\n						<sub><span style="font-family:Arial;font-size:14px;">Delivered</span> </sub>\r\n					</p>\r\n				</td>\r\n			</tr>\r\n			<tr>\r\n				<td width="79" valign="top" style="border:solid black 1.0pt;">\r\n					<p class="MsoNormal">\r\n						<sub><span style="font-family:Arial;font-size:14px;">2</span> </sub>\r\n					</p>\r\n				</td>\r\n				<td width="484" valign="top" style="border:solid black 1.0pt;">\r\n					<p class="MsoNormal">\r\n						<sub><span style="font-family:Arial;font-size:14px;">MessageWaiting</span> </sub>\r\n					</p>\r\n				</td>\r\n			</tr>\r\n			<tr>\r\n				<td width="79" valign="top" style="border:solid black 1.0pt;">\r\n					<p class="MsoNormal">\r\n						<sub><span style="font-family:Arial;font-size:14px;">3</span> </sub>\r\n					</p>\r\n				</td>\r\n				<td width="484" valign="top" style="border:solid black 1.0pt;">\r\n					<p class="MsoNormal">\r\n						<sub><span style="font-family:Arial;font-size:14px;">Internal_Failure</span> </sub>\r\n					</p>\r\n				</td>\r\n			</tr>\r\n			<tr>\r\n				<td width="79" valign="top" style="border:solid black 1.0pt;">\r\n					<p class="MsoNormal">\r\n						<sub><span style="font-family:Arial;font-size:14px;">4</span> </sub>\r\n					</p>\r\n				</td>\r\n				<td width="484" valign="top" style="border:solid black 1.0pt;">\r\n					<p class="MsoNormal">\r\n						<sub><span style="font-family:Arial;font-size:14px;">DeliveryImpossible</span> </sub>\r\n					</p>\r\n				</td>\r\n			</tr>\r\n			<tr>\r\n				<td width="79" valign="top" style="border:solid black 1.0pt;">\r\n					<p class="MsoNormal">\r\n						<sub><span style="font-family:Arial;font-size:14px;">5</span> </sub>\r\n					</p>\r\n				</td>\r\n				<td width="484" valign="top" style="border:solid black 1.0pt;">\r\n					<p class="MsoNormal">\r\n						<sub><span style="font-family:Arial;font-size:14px;">Insufficient_Balance</span> </sub>\r\n					</p>\r\n				</td>\r\n			</tr>\r\n			<tr>\r\n				<td width="79" valign="top" style="border:solid black 1.0pt;">\r\n					<p class="MsoNormal">\r\n						<sub><span style="font-family:Arial;font-size:14px;">6</span> </sub>\r\n					</p>\r\n				</td>\r\n				<td width="484" valign="top" style="border:solid black 1.0pt;">\r\n					<p class="MsoNormal">\r\n						<sub><span style="font-family:Arial;font-size:14px;">Invalid_Linkid</span> </sub>\r\n					</p>\r\n				</td>\r\n			</tr>\r\n			<tr>\r\n				<td width="79" valign="top" style="border:solid black 1.0pt;">\r\n					<p class="MsoNormal">\r\n						<sub><span style="font-family:Arial;font-size:14px;">7</span> </sub>\r\n					</p>\r\n				</td>\r\n				<td width="484" valign="top" style="border:solid black 1.0pt;">\r\n					<p class="MsoNormal">\r\n						<sub><span style="font-family:Arial;font-size:14px;">DeliveryUncertain</span> </sub>\r\n					</p>\r\n				</td>\r\n			</tr>\r\n			<tr>\r\n				<td width="79" valign="top" style="border:solid black 1.0pt;">\r\n					<p class="MsoNormal">\r\n						<sub><span style="font-family:Arial;font-size:14px;">8</span> </sub>\r\n					</p>\r\n				</td>\r\n				<td width="484" valign="top" style="border:solid black 1.0pt;">\r\n					<p class="MsoNormal">\r\n						<sub><span style="font-family:Arial;font-size:14px;">UnknownSubscriber</span> </sub>\r\n					</p>\r\n				</td>\r\n			</tr>\r\n			<tr>\r\n				<td width="79" valign="top" style="border:solid black 1.0pt;">\r\n					<p class="MsoNormal">\r\n						<sub><span style="font-family:Arial;font-size:14px;">9</span> </sub>\r\n					</p>\r\n				</td>\r\n				<td width="484" valign="top" style="border:solid black 1.0pt;">\r\n					<p class="MsoNormal">\r\n						<sub><span style="font-family:Arial;font-size:14px;">UnknownBaseStation</span> </sub>\r\n					</p>\r\n				</td>\r\n			</tr>\r\n			<tr>\r\n				<td width="79" valign="top" style="border:solid black 1.0pt;">\r\n					<p class="MsoNormal">\r\n						<sub><span style="font-family:Arial;font-size:14px;">10</span> </sub>\r\n					</p>\r\n				</td>\r\n				<td width="484" valign="top" style="border:solid black 1.0pt;">\r\n					<p class="MsoNormal">\r\n						<sub><span style="font-family:Arial;font-size:14px;">UnknownMSC</span> </sub>\r\n					</p>\r\n				</td>\r\n			</tr>\r\n			<tr>\r\n				<td width="79" valign="top" style="border:solid black 1.0pt;">\r\n					<p class="MsoNormal">\r\n						<sub><span style="font-family:Arial;font-size:14px;">12</span> </sub>\r\n					</p>\r\n				</td>\r\n				<td width="484" valign="top" style="border:solid black 1.0pt;">\r\n					<p class="MsoNormal">\r\n						<sub><span style="font-family:Arial;font-size:14px;">UnidentifiedSubscriber</span> </sub>\r\n					</p>\r\n				</td>\r\n			</tr>\r\n			<tr>\r\n				<td width="79" valign="top" style="border:solid black 1.0pt;">\r\n					<p class="MsoNormal">\r\n						<sub><span style="font-family:Arial;font-size:14px;">13</span> </sub>\r\n					</p>\r\n				</td>\r\n				<td width="484" valign="top" style="border:solid black 1.0pt;">\r\n					<p class="MsoNormal">\r\n						<sub><span style="font-family:Arial;font-size:14px;">AbsentSubscriberSM</span> </sub>\r\n					</p>\r\n				</td>\r\n			</tr>\r\n			<tr>\r\n				<td width="79" valign="top" style="border:solid black 1.0pt;">\r\n					<p class="MsoNormal">\r\n						<sub><span style="font-family:Arial;font-size:14px;">14</span> </sub>\r\n					</p>\r\n				</td>\r\n				<td width="484" valign="top" style="border:solid black 1.0pt;">\r\n					<p class="MsoNormal">\r\n						<sub><span style="font-family:Arial;font-size:14px;">UnknownEquipment</span> </sub>\r\n					</p>\r\n				</td>\r\n			</tr>\r\n			<tr>\r\n				<td width="79" valign="top" style="border:solid black 1.0pt;">\r\n					<p class="MsoNormal">\r\n						<sub><span style="font-family:Arial;font-size:14px;">15</span> </sub>\r\n					</p>\r\n				</td>\r\n				<td width="484" valign="top" style="border:solid black 1.0pt;">\r\n					<p class="MsoNormal">\r\n						<sub><span style="font-family:Arial;font-size:14px;">RoamingNotAllowed</span> </sub>\r\n					</p>\r\n				</td>\r\n			</tr>\r\n			<tr>\r\n				<td width="79" valign="top" style="border:solid black 1.0pt;">\r\n					<p class="MsoNormal">\r\n						<sub><span style="font-family:Arial;font-size:14px;">16</span> </sub>\r\n					</p>\r\n				</td>\r\n				<td width="484" valign="top" style="border:solid black 1.0pt;">\r\n					<p class="MsoNormal">\r\n						<sub><span style="font-family:Arial;font-size:14px;">IllegalSubscriber</span> </sub>\r\n					</p>\r\n				</td>\r\n			</tr>\r\n			<tr>\r\n				<td width="79" valign="top" style="border:solid black 1.0pt;">\r\n					<p class="MsoNormal">\r\n						<sub><span style="font-family:Arial;font-size:14px;">17</span> </sub>\r\n					</p>\r\n				</td>\r\n				<td width="484" valign="top" style="border:solid black 1.0pt;">\r\n					<p class="MsoNormal">\r\n						<sub><span style="font-family:Arial;font-size:14px;">BearerServiceNotProvisioned</span> </sub>\r\n					</p>\r\n				</td>\r\n			</tr>\r\n			<tr>\r\n				<td width="79" valign="top" style="border:solid black 1.0pt;">\r\n					<p class="MsoNormal">\r\n						<sub><span style="font-family:Arial;font-size:14px;">18</span> </sub>\r\n					</p>\r\n				</td>\r\n				<td width="484" valign="top" style="border:solid black 1.0pt;">\r\n					<p class="MsoNormal">\r\n						<sub><span style="font-family:Arial;font-size:14px;">TeleserviceNotProvisioned</span> </sub>\r\n					</p>\r\n				</td>\r\n			</tr>\r\n			<tr>\r\n				<td width="79" valign="top" style="border:solid black 1.0pt;">\r\n					<p class="MsoNormal">\r\n						<sub><span style="font-family:Arial;font-size:14px;">19</span> </sub>\r\n					</p>\r\n				</td>\r\n				<td width="484" valign="top" style="border:solid black 1.0pt;">\r\n					<p class="MsoNormal">\r\n						<sub><span style="font-family:Arial;font-size:14px;">IllegalEquipment</span> </sub>\r\n					</p>\r\n				</td>\r\n			</tr>\r\n			<tr>\r\n				<td width="79" valign="top" style="border:solid black 1.0pt;">\r\n					<p class="MsoNormal">\r\n						<sub><span style="font-family:Arial;font-size:14px;">20</span> </sub>\r\n					</p>\r\n				</td>\r\n				<td width="484" valign="top" style="border:solid black 1.0pt;">\r\n					<p class="MsoNormal">\r\n						<sub><span style="font-family:Arial;font-size:14px;">CallBarred</span> </sub>\r\n					</p>\r\n				</td>\r\n			</tr>\r\n			<tr>\r\n				<td width="79" valign="top" style="border:solid black 1.0pt;">\r\n					<p class="MsoNormal">\r\n						<sub><span style="font-family:Arial;font-size:14px;">21</span> </sub>\r\n					</p>\r\n				</td>\r\n				<td width="484" valign="top" style="border:solid black 1.0pt;">\r\n					<p class="MsoNormal">\r\n						<sub><span style="font-family:Arial;font-size:14px;">ForwardingViolation</span> </sub>\r\n					</p>\r\n				</td>\r\n			</tr>\r\n			<tr>\r\n				<td width="79" valign="top" style="border:solid black 1.0pt;">\r\n					<p class="MsoNormal">\r\n						<sub><span style="font-family:Arial;font-size:14px;">22</span> </sub>\r\n					</p>\r\n				</td>\r\n				<td width="484" valign="top" style="border:solid black 1.0pt;">\r\n					<p class="MsoNormal">\r\n						<sub><span style="font-size:14px;line-height:115%;font-family:Arial;">CUG?Reject</span> </sub>\r\n					</p>\r\n				</td>\r\n			</tr>\r\n			<tr>\r\n				<td width="79" valign="top" style="border:solid black 1.0pt;">\r\n					<p class="MsoNormal">\r\n						<sub><span style="font-family:Arial;font-size:14px;">23</span> </sub>\r\n					</p>\r\n				</td>\r\n				<td width="484" valign="top" style="border:solid black 1.0pt;">\r\n					<p class="MsoNormal">\r\n						<sub><span style="font-family:Arial;font-size:14px;">IllegalSS?Operation</span> </sub>\r\n					</p>\r\n				</td>\r\n			</tr>\r\n			<tr>\r\n				<td width="79" valign="top" style="border:solid black 1.0pt;">\r\n					<p class="MsoNormal">\r\n						<sub><span style="font-family:Arial;font-size:14px;">24</span> </sub>\r\n					</p>\r\n				</td>\r\n				<td width="484" valign="top" style="border:solid black 1.0pt;">\r\n					<p class="MsoNormal">\r\n						<sub><span style="font-family:Arial;font-size:14px;">SS?ErrorStatus</span> </sub>\r\n					</p>\r\n				</td>\r\n			</tr>\r\n			<tr>\r\n				<td width="79" valign="top" style="border:solid black 1.0pt;">\r\n					<p class="MsoNormal">\r\n						<sub><span style="font-family:Arial;font-size:14px;">25</span> </sub>\r\n					</p>\r\n				</td>\r\n				<td width="484" valign="top" style="border:solid black 1.0pt;">\r\n					<p class="MsoNormal">\r\n						<sub><span style="font-family:Arial;font-size:14px;">SS?NotAvailable</span> </sub>\r\n					</p>\r\n				</td>\r\n			</tr>\r\n			<tr>\r\n				<td width="79" valign="top" style="border:solid black 1.0pt;">\r\n					<p class="MsoNormal">\r\n						<sub><span style="font-family:Arial;font-size:14px;">26</span> </sub>\r\n					</p>\r\n				</td>\r\n				<td width="484" valign="top" style="border:solid black 1.0pt;">\r\n					<p class="MsoNormal">\r\n						<sub><span style="font-family:Arial;font-size:14px;">SS?SubscriptionViolation</span> </sub>\r\n					</p>\r\n				</td>\r\n			</tr>\r\n			<tr>\r\n				<td width="79" valign="top" style="border:solid black 1.0pt;">\r\n					<p class="MsoNormal">\r\n						<sub><span style="font-family:Arial;font-size:14px;">27</span> </sub>\r\n					</p>\r\n				</td>\r\n				<td width="484" valign="top" style="border:solid black 1.0pt;">\r\n					<p class="MsoNormal">\r\n						<sub><span style="font-family:Arial;font-size:14px;">SS?Incompatibility</span> </sub>\r\n					</p>\r\n				</td>\r\n			</tr>\r\n			<tr>\r\n				<td width="79" valign="top" style="border:solid black 1.0pt;">\r\n					<p class="MsoNormal">\r\n						<sub><span style="font-family:Arial;font-size:14px;">28</span> </sub>\r\n					</p>\r\n				</td>\r\n				<td width="484" valign="top" style="border:solid black 1.0pt;">\r\n					<p class="MsoNormal">\r\n						<sub><span style="font-family:Arial;font-size:14px;">FacilityNotSupported</span> </sub>\r\n					</p>\r\n				</td>\r\n			</tr>\r\n			<tr>\r\n				<td width="79" valign="top" style="border:solid black 1.0pt;">\r\n					<p class="MsoNormal">\r\n						<sub><span style="font-family:Arial;font-size:14px;">29</span> </sub>\r\n					</p>\r\n				</td>\r\n				<td width="484" valign="top" style="border:solid black 1.0pt;">\r\n					<p class="MsoNormal">\r\n						<sub><span style="font-family:Arial;font-size:14px;">InvalidTargetBaseStation</span> </sub>\r\n					</p>\r\n				</td>\r\n			</tr>\r\n			<tr>\r\n				<td width="79" valign="top" style="border:solid black 1.0pt;">\r\n					<p class="MsoNormal">\r\n						<sub><span style="font-family:Arial;font-size:14px;">30</span> </sub>\r\n					</p>\r\n				</td>\r\n				<td width="484" valign="top" style="border:solid black 1.0pt;">\r\n					<p class="MsoNormal">\r\n						<sub><span style="font-family:Arial;font-size:14px;">NoRadioResourceAvailable</span> </sub>\r\n					</p>\r\n				</td>\r\n			</tr>\r\n			<tr>\r\n				<td width="79" valign="top" style="border:solid black 1.0pt;">\r\n					<p class="MsoNormal">\r\n						<sub><span style="font-family:Arial;font-size:14px;">31</span> </sub>\r\n					</p>\r\n				</td>\r\n				<td width="484" valign="top" style="border:solid black 1.0pt;">\r\n					<p class="MsoNormal">\r\n						<sub><span style="font-family:Arial;font-size:14px;">NoHandoverNumberAvailable</span> </sub>\r\n					</p>\r\n				</td>\r\n			</tr>\r\n			<tr>\r\n				<td width="79" valign="top" style="border:solid black 1.0pt;">\r\n					<p class="MsoNormal">\r\n						<sub><span style="font-family:Arial;font-size:14px;">32</span> </sub>\r\n					</p>\r\n				</td>\r\n				<td width="484" valign="top" style="border:solid black 1.0pt;">\r\n					<p class="MsoNormal">\r\n						<sub><span style="font-family:Arial;font-size:14px;">SubsequentHandoverFailure</span> </sub>\r\n					</p>\r\n				</td>\r\n			</tr>\r\n			<tr>\r\n				<td width="79" valign="top" style="border:solid black 1.0pt;">\r\n					<p class="MsoNormal">\r\n						<sub><span style="font-family:Arial;font-size:14px;">33</span> </sub>\r\n					</p>\r\n				</td>\r\n				<td width="484" valign="top" style="border:solid black 1.0pt;">\r\n					<p class="MsoNormal">\r\n						<sub><span style="font-family:Arial;font-size:14px;">AbsentSubscriber</span> </sub>\r\n					</p>\r\n				</td>\r\n			</tr>\r\n			<tr>\r\n				<td width="79" valign="top" style="border:solid black 1.0pt;">\r\n					<p class="MsoNormal">\r\n						<sub><span style="font-family:Arial;font-size:14px;">34</span> </sub>\r\n					</p>\r\n				</td>\r\n				<td width="484" valign="top" style="border:solid black 1.0pt;">\r\n					<p class="MsoNormal">\r\n						<sub><span style="font-family:Arial;font-size:14px;">SubscriberBusyForMT?SMS</span> </sub>\r\n					</p>\r\n				</td>\r\n			</tr>\r\n			<tr>\r\n				<td width="79" valign="top" style="border:solid black 1.0pt;">\r\n					<p class="MsoNormal">\r\n						<sub><span style="font-family:Arial;font-size:14px;">35</span> </sub>\r\n					</p>\r\n				</td>\r\n				<td width="484" valign="top" style="border:solid black 1.0pt;">\r\n					<p class="MsoNormal">\r\n						<sub><span style="font-family:Arial;font-size:14px;">SM?DeliveryFailure</span> </sub>\r\n					</p>\r\n				</td>\r\n			</tr>\r\n			<tr>\r\n				<td width="79" valign="top" style="border:solid black 1.0pt;">\r\n					<p class="MsoNormal">\r\n						<sub><span style="font-family:Arial;font-size:14px;">36</span> </sub>\r\n					</p>\r\n				</td>\r\n				<td width="484" valign="top" style="border:solid black 1.0pt;">\r\n					<p class="MsoNormal">\r\n						<sub><span style="font-family:Arial;font-size:14px;">MessageWaitingListFull</span> </sub>\r\n					</p>\r\n				</td>\r\n			</tr>\r\n			<tr>\r\n				<td width="79" valign="top" style="border:solid black 1.0pt;">\r\n					<p class="MsoNormal">\r\n						<sub><span style="font-family:Arial;font-size:14px;">37</span> </sub>\r\n					</p>\r\n				</td>\r\n				<td width="484" valign="top" style="border:solid black 1.0pt;">\r\n					<p class="MsoNormal">\r\n						<sub><span style="font-family:Arial;font-size:14px;">SystemFailure</span> </sub>\r\n					</p>\r\n				</td>\r\n			</tr>\r\n			<tr>\r\n				<td width="79" valign="top" style="border:solid black 1.0pt;">\r\n					<p class="MsoNormal">\r\n						<sub><span style="font-family:Arial;font-size:14px;">38</span> </sub>\r\n					</p>\r\n				</td>\r\n				<td width="484" valign="top" style="border:solid black 1.0pt;">\r\n					<p class="MsoNormal">\r\n						<sub><span style="font-family:Arial;font-size:14px;">DataMissing</span> </sub>\r\n					</p>\r\n				</td>\r\n			</tr>\r\n			<tr>\r\n				<td width="79" valign="top" style="border:solid black 1.0pt;">\r\n					<p class="MsoNormal">\r\n						<sub><span style="font-family:Arial;font-size:14px;">39</span> </sub>\r\n					</p>\r\n				</td>\r\n				<td width="484" valign="top" style="border:solid black 1.0pt;">\r\n					<p class="MsoNormal">\r\n						<sub><span style="font-family:Arial;font-size:14px;">UnexpectedDataValue</span> </sub>\r\n					</p>\r\n				</td>\r\n			</tr>\r\n			<tr>\r\n				<td width="79" valign="top" style="border:solid black 1.0pt;">\r\n					<p class="MsoNormal">\r\n						<sub><span style="font-family:Arial;font-size:14px;">40</span> </sub>\r\n					</p>\r\n				</td>\r\n				<td width="484" valign="top" style="border:solid black 1.0pt;">\r\n					<p class="MsoNormal">\r\n						<sub><span style="font-family:Arial;font-size:14px;">PW?RegistrationFailure</span> </sub>\r\n					</p>\r\n				</td>\r\n			</tr>\r\n			<tr>\r\n				<td width="79" valign="top" style="border:solid black 1.0pt;">\r\n					<p class="MsoNormal">\r\n						<sub><span style="font-family:Arial;font-size:14px;">41</span> </sub>\r\n					</p>\r\n				</td>\r\n				<td width="484" valign="top" style="border:solid black 1.0pt;">\r\n					<p class="MsoNormal">\r\n						<sub><span style="font-family:Arial;font-size:14px;">NegativePW?Check</span> </sub>\r\n					</p>\r\n				</td>\r\n			</tr>\r\n			<tr>\r\n				<td width="79" valign="top" style="border:solid black 1.0pt;">\r\n					<p class="MsoNormal">\r\n						<sub><span style="font-family:Arial;font-size:14px;">42</span> </sub>\r\n					</p>\r\n				</td>\r\n				<td width="484" valign="top" style="border:solid black 1.0pt;">\r\n					<p class="MsoNormal">\r\n						<sub><span style="font-family:Arial;font-size:14px;">NoRoamingNumberAvailable</span> </sub>\r\n					</p>\r\n				</td>\r\n			</tr>\r\n			<tr>\r\n				<td width="79" valign="top" style="border:solid black 1.0pt;">\r\n					<p class="MsoNormal">\r\n						<sub><span style="font-family:Arial;font-size:14px;">43</span> </sub>\r\n					</p>\r\n				</td>\r\n				<td width="484" valign="top" style="border:solid black 1.0pt;">\r\n					<p class="MsoNormal">\r\n						<sub><span style="font-family:Arial;font-size:14px;">TracingBufferFull</span> </sub>\r\n					</p>\r\n				</td>\r\n			</tr>\r\n			<tr>\r\n				<td width="79" valign="top" style="border:solid black 1.0pt;">\r\n					<p class="MsoNormal">\r\n						<sub><span style="font-family:Arial;font-size:14px;">44</span> </sub>\r\n					</p>\r\n				</td>\r\n				<td width="484" valign="top" style="border:solid black 1.0pt;">\r\n					<p class="MsoNormal">\r\n						<sub><span style="font-family:Arial;font-size:14px;">NumberOfPW?AttemptsViolation</span> </sub>\r\n					</p>\r\n				</td>\r\n			</tr>\r\n			<tr>\r\n				<td width="79" valign="top" style="border:solid black 1.0pt;">\r\n					<p class="MsoNormal">\r\n						<sub><span style="font-family:Arial;font-size:14px;">45</span> </sub>\r\n					</p>\r\n				</td>\r\n				<td width="484" valign="top" style="border:solid black 1.0pt;">\r\n					<p class="MsoNormal">\r\n						<sub><span style="font-family:Arial;font-size:14px;">NumberChanged</span> </sub>\r\n					</p>\r\n				</td>\r\n			</tr>\r\n			<tr>\r\n				<td width="79" valign="top" style="border:solid black 1.0pt;">\r\n					<p class="MsoNormal">\r\n						<sub><span style="font-family:Arial;font-size:14px;">46</span> </sub>\r\n					</p>\r\n				</td>\r\n				<td width="484" valign="top" style="border:solid black 1.0pt;">\r\n					<p class="MsoNormal">\r\n						<sub><span style="font-family:Arial;font-size:14px;">UnknownAlphabet</span> </sub>\r\n					</p>\r\n				</td>\r\n			</tr>\r\n			<tr>\r\n				<td width="79" valign="top" style="border:solid black 1.0pt;">\r\n					<p class="MsoNormal">\r\n						<sub><span style="font-family:Arial;font-size:14px;">47</span> </sub>\r\n					</p>\r\n				</td>\r\n				<td width="484" valign="top" style="border:solid black 1.0pt;">\r\n					<p class="MsoNormal">\r\n						<sub><span style="font-family:Arial;font-size:14px;">USSD?Busy</span> </sub>\r\n					</p>\r\n				</td>\r\n			</tr>\r\n			<tr>\r\n				<td width="79" valign="top" style="border:solid black 1.0pt;">\r\n					<p class="MsoNormal">\r\n						<sub><span style="font-family:Arial;font-size:14px;">48</span> </sub>\r\n					</p>\r\n				</td>\r\n				<td width="484" valign="top" style="border:solid black 1.0pt;">\r\n					<p class="MsoNormal">\r\n						<sub><span style="font-family:Arial;font-size:14px;">UserAbnormalState</span> </sub>\r\n					</p>\r\n				</td>\r\n			</tr>\r\n			<tr>\r\n				<td width="79" valign="top" style="border:solid black 1.0pt;">\r\n					<p class="MsoNormal">\r\n						<sub><span style="font-family:Arial;font-size:14px;">49</span> </sub>\r\n					</p>\r\n				</td>\r\n				<td width="484" valign="top" style="border:solid black 1.0pt;">\r\n					<p class="MsoNormal">\r\n						<sub><span style="font-family:Arial;font-size:14px;">UserInBlacklist</span> </sub>\r\n					</p>\r\n				</td>\r\n			</tr>\r\n		</tbody>\r\n	</table>\r\n</p>\r\n<p style="text-indent:2em;">\r\n	<br />\r\n</p>', 'chirchir'),
(2, 'MTECH API', 'Technical Specifications', 'provide sample code snipnets', '<p>\r\n	sample code for mail sending\r\n</p>\r\n<p>\r\n	<br />\r\n</p>\r\n<pre class="prettyprint lang-php">    public function actionContact()\r\n    {\r\n        $model = new ContactForm();\r\n        if ($model-&gt;load(Yii::$app-&gt;request-&gt;post())&amp;&amp; $model-&gt;validate() ) {\r\n           \r\n            if ($model-&gt;sendEmail(Yii::$app-&gt;params[''supportEmail''])) {\r\n                Yii::$app-&gt;session-&gt;setFlash(''success'', ''Thank you for contacting us. We will respond to you as soon as possible.'');\r\n            } else {\r\n                Yii::$app-&gt;session-&gt;setFlash(''error'', ''There was an error sending email.'');\r\n            }\r\n            \r\n          \r\n            return $this-&gt;refresh();\r\n        } else {\r\n            return $this-&gt;render(''contact'', [\r\n                ''model'' =&gt; $model,\r\n            ]);\r\n        }\r\n\r\n    }</pre>\r\n<p>\r\n	<br />\r\n</p>\r\n<pre class="prettyprint lang-php"></pre>', 'kibet'),
(3, 'MTECH API', 'Technical Specifications', 'downloads here', 'enter the downloads here', 'kibet');

-- --------------------------------------------------------

--
-- Table structure for table `site_description`
--

CREATE TABLE `site_description` (
  `id` int(11) NOT NULL,
  `title_head` varchar(255) NOT NULL,
  `information` text NOT NULL,
  `description` varchar(255) NOT NULL
) ENGINE=InnoDB DEFAULT CHARSET=latin1;

--
-- Dumping data for table `site_description`
--

INSERT INTO `site_description` (`id`, `title_head`, `information`, `description`) VALUES
(1, 'MTech Messaging API', '<p style="color:#252525;font-size:14px;background-color:#FFFFFF;">\r\n	<span> </span>\r\n</p>\r\n<p style="font-size:14px;color:#252525;font-family:sans-serif;background-color:#FFFFFF;">\r\n	<span style="font-family:&quot;">An&nbsp;</span><b><span style="font-family:&quot;">essay</span></b><span style="font-family:&quot;">&nbsp;is, generally, a piece of writing that gives the author''s own&nbsp;</span><a href="https://en.wikipedia.org/wiki/Argument"><span style="font-family:&quot;">argument</span></a><span style="font-family:&quot;">&nbsp;— but the definition is vague, overlapping with those of an&nbsp;</span><a href="https://en.wikipedia.org/wiki/Article_(publishing)"><span style="font-family:&quot;">article</span></a><span style="font-family:&quot;">, a&nbsp;</span><a href="https://en.wikipedia.org/wiki/Pamphlet"><span style="font-family:&quot;">pamphlet</span></a><span style="font-family:&quot;">, and a&nbsp;</span><a href="https://en.wikipedia.org/wiki/Short_story"><span style="font-family:&quot;">short story</span></a><span style="font-family:&quot;">. Essays have traditionally been sub-classified as formal and informal. Formal essays are characterized by "serious purpose, dignity, logical organization, length," whereas the informal essay is characterized by "the personal element (self-revelation, individual tastes and experiences, confidential manner), humor, graceful style, rambling structure, unconventionality or novelty of theme," etc.</span><span id="cite_ref-1" class="reference" style="font-size:10.5px;line-height:0;vertical-align:baseline;"><a href="https://en.wikipedia.org/wiki/Essay#cite_note-1"><span style="font-family:&quot;">[1]</span></a></span> \r\n</p>\r\n<p style="font-size:14px;color:#252525;font-family:sans-serif;background-color:#FFFFFF;">\r\n	<span style="font-family:&quot;">Essays are commonly used as&nbsp;</span><a href="https://en.wikipedia.org/wiki/Literary_criticism"><span style="font-family:&quot;">literary criticism</span></a><span style="font-family:&quot;">, political&nbsp;</span><a href="https://en.wikipedia.org/wiki/Manifestos" class="mw-redirect"><span style="font-family:&quot;">manifestos</span></a><span style="font-family:&quot;">, learned&nbsp;</span><a href="https://en.wikipedia.org/wiki/Arguments" class="mw-redirect"><span style="font-family:&quot;">arguments</span></a><span style="font-family:&quot;">, observations of daily life, recollections, and reflections of the author. Almost all modern essays are written in&nbsp;</span><a href="https://en.wikipedia.org/wiki/Prose"><span style="font-family:&quot;">prose</span></a><span style="font-family:&quot;">, but works in&nbsp;</span><a href="https://en.wikipedia.org/wiki/Poetry"><span style="font-family:&quot;">verse</span></a><span style="font-family:&quot;">&nbsp;have been dubbed essays (e.g.,&nbsp;</span><a href="https://en.wikipedia.org/wiki/Alexander_Pope"><span style="font-family:&quot;">Alexander Pope</span></a><span style="font-family:&quot;">''s&nbsp;</span><i><a href="https://en.wikipedia.org/wiki/An_Essay_on_Criticism"><span style="font-family:&quot;">An Essay on Criticism</span></a></i><span style="font-family:&quot;">&nbsp;and&nbsp;</span><i><a href="https://en.wikipedia.org/wiki/An_Essay_on_Man"><span style="font-family:&quot;">An Essay on Man</span></a></i><span style="font-family:&quot;">). While brevity usually defines an essay, voluminous works like&nbsp;</span><a href="https://en.wikipedia.org/wiki/John_Locke"><span style="font-family:&quot;">John Locke</span></a><span style="font-family:&quot;">''s&nbsp;</span><i><a href="https://en.wikipedia.org/wiki/An_Essay_Concerning_Human_Understanding"><span style="font-family:&quot;">An Essay Concerning Human Understanding</span></a></i><span style="font-family:&quot;">&nbsp;and&nbsp;</span><a href="https://en.wikipedia.org/wiki/Thomas_Malthus" class="mw-redirect"><span style="font-family:&quot;">Thomas Malthus</span></a><span style="font-family:&quot;">''s&nbsp;</span><i><a href="https://en.wikipedia.org/wiki/An_Essay_on_the_Principle_of_Population"><span style="font-family:&quot;">An Essay on the Principle of Population</span></a></i><span style="font-family:&quot;">&nbsp;are counterexamples. In some countries (e.g., the United States and Canada), essays have become a major part of formal&nbsp;</span><a href="https://en.wikipedia.org/wiki/Education"><span style="font-family:&quot;">education</span></a><span style="font-family:&quot;">. Secondary students are taught structured essay formats to improve their writing skills;&nbsp;</span><a href="https://en.wikipedia.org/wiki/Admissions_essay" class="mw-redirect"><span style="font-family:&quot;">admission essays</span></a><span style="font-family:&quot;">&nbsp;are often used by&nbsp;</span><a href="https://en.wikipedia.org/wiki/University"><span style="font-family:&quot;">universities</span></a><span style="font-family:&quot;">&nbsp;in selecting applicants, and in the humanities and social sciences essays are often used as a way of assessing the performance of students during final exa</span> \r\n</p>\r\n<div>\r\n	<br />\r\n</div>\r\n<p>\r\n	<br />\r\n</p>', 'provides  sehort description for this'),
(2, 'Helloo', '<p>\r\n	<br />\r\n</p>\r\n<p style="color:#252525;font-family:sans-serif;font-size:14px;background-color:#FFFFFF;">\r\n	<span style="font-family:&quot;">An&nbsp;</span><b><span style="font-family:&quot;">essay</span></b><span style="font-family:&quot;">&nbsp;is, generally, a piece of writing that gives the author''s own&nbsp;</span><a href="https://en.wikipedia.org/wiki/Argument"><span style="font-family:&quot;">argument</span></a><span style="font-family:&quot;">&nbsp;— but the definition is vague, overlapping with those of an&nbsp;</span><a href="https://en.wikipedia.org/wiki/Article_(publishing)"><span style="font-family:&quot;">article</span></a><span style="font-family:&quot;">, a&nbsp;</span><a href="https://en.wikipedia.org/wiki/Pamphlet"><span style="font-family:&quot;">pamphlet</span></a><span style="font-family:&quot;">, and a&nbsp;</span><a href="https://en.wikipedia.org/wiki/Short_story"><span style="font-family:&quot;">short story</span></a><span style="font-family:&quot;">. Essays have traditionally been sub-classified as formal and informal. Formal essays are characterized by "serious purpose, dignity, logical organization, length," whereas the informal essay is characterized by "the personal element (self-revelation, individual tastes and experiences, confidential manner), humor, graceful style, rambling structure, unconventionality or novelty of theme," etc.</span><sup id="cite_ref-1" class="reference"><a href="https://en.wikipedia.org/wiki/Essay#cite_note-1"><span style="font-family:&quot;">[1]</span></a></sup> \r\n</p>\r\n<p style="color:#252525;font-family:sans-serif;font-size:14px;background-color:#FFFFFF;">\r\n	<span style="font-family:&quot;">Essays are commonly used as&nbsp;</span><a href="https://en.wikipedia.org/wiki/Literary_criticism"><span style="font-family:&quot;">literary criticism</span></a><span style="font-family:&quot;">, political&nbsp;</span><a href="https://en.wikipedia.org/wiki/Manifestos" class="mw-redirect"><span style="font-family:&quot;">manifestos</span></a><span style="font-family:&quot;">, learned&nbsp;</span><a href="https://en.wikipedia.org/wiki/Arguments" class="mw-redirect"><span style="font-family:&quot;">arguments</span></a><span style="font-family:&quot;">, observations of daily life, recollections, and reflections of the author. Almost all modern essays are written in&nbsp;</span><a href="https://en.wikipedia.org/wiki/Prose"><span style="font-family:&quot;">prose</span></a><span style="font-family:&quot;">, but works in&nbsp;</span><a href="https://en.wikipedia.org/wiki/Poetry"><span style="font-family:&quot;">verse</span></a><span style="font-family:&quot;">&nbsp;have been dubbed essays (e.g.,&nbsp;</span><a href="https://en.wikipedia.org/wiki/Alexander_Pope"><span style="font-family:&quot;">Alexander Pope</span></a><span style="font-family:&quot;">''s&nbsp;</span><i><a href="https://en.wikipedia.org/wiki/An_Essay_on_Criticism"><span style="font-family:&quot;">An Essay on Criticism</span></a></i><span style="font-family:&quot;">&nbsp;and&nbsp;</span><i><a href="https://en.wikipedia.org/wiki/An_Essay_on_Man"><span style="font-family:&quot;">An Essay on Man</span></a></i><span style="font-family:&quot;">). While brevity usually defines an essay, voluminous works like&nbsp;</span><a href="https://en.wikipedia.org/wiki/John_Locke"><span style="font-family:&quot;">John Locke</span></a><span style="font-family:&quot;">''s&nbsp;</span><i><a href="https://en.wikipedia.org/wiki/An_Essay_Concerning_Human_Understanding"><span style="font-family:&quot;">An Essay Concerning Human Understanding</span></a></i><span style="font-family:&quot;">&nbsp;and&nbsp;</span><a href="https://en.wikipedia.org/wiki/Thomas_Malthus" class="mw-redirect"><span style="font-family:&quot;">Thomas Malthus</span></a><span style="font-family:&quot;">''s&nbsp;</span><i><a href="https://en.wikipedia.org/wiki/An_Essay_on_the_Principle_of_Population"><span style="font-family:&quot;">An Essay on the Principle of Population</span></a></i><span style="font-family:&quot;">&nbsp;are counterexamples. In some countries (e.g., the United States and Canada), essays have become a major part of formal&nbsp;</span><a href="https://en.wikipedia.org/wiki/Education"><span style="font-family:&quot;">education</span></a><span style="font-family:&quot;">. Secondary students are taught structured essay formats to improve their writing skills;&nbsp;</span><a href="https://en.wikipedia.org/wiki/Admissions_essay" class="mw-redirect"><span style="font-family:&quot;">admission essays</span></a><span style="font-family:&quot;">&nbsp;are often used by&nbsp;</span><a href="https://en.wikipedia.org/wiki/University"><span style="font-family:&quot;">universities</span></a><span style="font-family:&quot;">&nbsp;in selecting applicants, and in the humanities and social sciences essays are often used as a way of assessing the performance of students during final exa</span> \r\n</p>\r\n<p>\r\n	<br />\r\n</p>', 'provides brief intro to message api'),
(3, 'Title 3', '<p>\r\n	<p style="color:#252525;font-family:sans-serif;font-size:14px;background-color:#FFFFFF;">\r\n		<span style="font-family:&quot;">An&nbsp;</span><b><span style="font-family:&quot;">essay</span></b><span style="font-family:&quot;">&nbsp;is, generally, a piece of writing that gives the author''s own&nbsp;</span><a href="https://en.wikipedia.org/wiki/Argument"><span style="font-family:&quot;">argument</span></a><span style="font-family:&quot;">&nbsp;— but the definition is vague, overlapping with those of an&nbsp;</span><a href="https://en.wikipedia.org/wiki/Article_(publishing)"><span style="font-family:&quot;">article</span></a><span style="font-family:&quot;">, a&nbsp;</span><a href="https://en.wikipedia.org/wiki/Pamphlet"><span style="font-family:&quot;">pamphlet</span></a><span style="font-family:&quot;">, and a&nbsp;</span><a href="https://en.wikipedia.org/wiki/Short_story"><span style="font-family:&quot;">short story</span></a><span style="font-family:&quot;">. Essays have traditionally been sub-classified as formal and informal. Formal essays are characterized by "serious purpose, dignity, logical organization, length," whereas the informal essay is characterized by "the personal element (self-revelation, individual tastes and experiences, confidential manner), humor, graceful style, rambling structure, unconventionality or novelty of theme," etc.</span><sup id="cite_ref-1" class="reference"><a href="https://en.wikipedia.org/wiki/Essay#cite_note-1"><span style="font-family:&quot;">[1]</span></a></sup>\r\n	</p>\r\n	<p style="color:#252525;font-family:sans-serif;font-size:14px;background-color:#FFFFFF;">\r\n		<span style="font-family:&quot;">Essays are commonly used as&nbsp;</span><a href="https://en.wikipedia.org/wiki/Literary_criticism"><span style="font-family:&quot;">literary criticism</span></a><span style="font-family:&quot;">, political&nbsp;</span><a href="https://en.wikipedia.org/wiki/Manifestos" class="mw-redirect"><span style="font-family:&quot;">manifestos</span></a><span style="font-family:&quot;">, learned&nbsp;</span><a href="https://en.wikipedia.org/wiki/Arguments" class="mw-redirect"><span style="font-family:&quot;">arguments</span></a><span style="font-family:&quot;">, observations of daily life, recollections, and reflections of the author. Almost all modern essays are written in&nbsp;</span><a href="https://en.wikipedia.org/wiki/Prose"><span style="font-family:&quot;">prose</span></a><span style="font-family:&quot;">, but works in&nbsp;</span><a href="https://en.wikipedia.org/wiki/Poetry"><span style="font-family:&quot;">verse</span></a><span style="font-family:&quot;">&nbsp;have been dubbed essays (e.g.,&nbsp;</span><a href="https://en.wikipedia.org/wiki/Alexander_Pope"><span style="font-family:&quot;">Alexander Pope</span></a><span style="font-family:&quot;">''s&nbsp;</span><i><a href="https://en.wikipedia.org/wiki/An_Essay_on_Criticism"><span style="font-family:&quot;">An Essay on Criticism</span></a></i><span style="font-family:&quot;">&nbsp;and&nbsp;</span><i><a href="https://en.wikipedia.org/wiki/An_Essay_on_Man"><span style="font-family:&quot;">An Essay on Man</span></a></i><span style="font-family:&quot;">). While brevity usually defines an essay, voluminous works like&nbsp;</span><a href="https://en.wikipedia.org/wiki/John_Locke"><span style="font-family:&quot;">John Locke</span></a><span style="font-family:&quot;">''s&nbsp;</span><i><a href="https://en.wikipedia.org/wiki/An_Essay_Concerning_Human_Understanding"><span style="font-family:&quot;">An Essay Concerning Human Understanding</span></a></i><span style="font-family:&quot;">&nbsp;and&nbsp;</span><a href="https://en.wikipedia.org/wiki/Thomas_Malthus" class="mw-redirect"><span style="font-family:&quot;">Thomas Malthus</span></a><span style="font-family:&quot;">''s&nbsp;</span><i><a href="https://en.wikipedia.org/wiki/An_Essay_on_the_Principle_of_Population"><span style="font-family:&quot;">An Essay on the Principle of Population</span></a></i><span style="font-family:&quot;">&nbsp;are counterexamples. In some countries (e.g., the United States and Canada), essays have become a major part of formal&nbsp;</span><a href="https://en.wikipedia.org/wiki/Education"><span style="font-family:&quot;">education</span></a><span style="font-family:&quot;">. Secondary students are taught structured essay formats to improve their writing skills;&nbsp;</span><a href="https://en.wikipedia.org/wiki/Admissions_essay" class="mw-redirect"><span style="font-family:&quot;">admission essays</span></a><span style="font-family:&quot;">&nbsp;are often used by&nbsp;</span><a href="https://en.wikipedia.org/wiki/University"><span style="font-family:&quot;">universities</span></a><span style="font-family:&quot;">&nbsp;in selecting applicants, and in the humanities and social sciences essays are often used as a way of assessing the performance of students during final exa</span>\r\n	</p>\r\n</p>', 'short description'),
(4, 'FAQS', '<p>\r\n	<p style="color:#252525;font-family:sans-serif;font-size:14px;background-color:#FFFFFF;">\r\n		<span style="font-family:&quot;">An&nbsp;</span><b><span style="font-family:&quot;">essay</span></b><span style="font-family:&quot;">&nbsp;is, generally, a piece of writing that gives the author''s own&nbsp;</span><a href="https://en.wikipedia.org/wiki/Argument"><span style="font-family:&quot;">argument</span></a><span style="font-family:&quot;">&nbsp;— but the definition is vague, overlapping with those of an&nbsp;</span><a href="https://en.wikipedia.org/wiki/Article_(publishing)"><span style="font-family:&quot;">article</span></a><span style="font-family:&quot;">, a&nbsp;</span><a href="https://en.wikipedia.org/wiki/Pamphlet"><span style="font-family:&quot;">pamphlet</span></a><span style="font-family:&quot;">, and a&nbsp;</span><a href="https://en.wikipedia.org/wiki/Short_story"><span style="font-family:&quot;">short story</span></a><span style="font-family:&quot;">. Essays have traditionally been sub-classified as formal and informal. Formal essays are characterized by "serious purpose, dignity, logical organization, length," whereas the informal essay is characterized by "the personal element (self-revelation, individual tastes and experiences, confidential manner), humor, graceful style, rambling structure, unconventionality or novelty of theme," etc.</span><sup id="cite_ref-1" class="reference"><a href="https://en.wikipedia.org/wiki/Essay#cite_note-1"><span style="font-family:&quot;">[1]</span></a></sup>\r\n	</p>\r\n	<p style="color:#252525;font-family:sans-serif;font-size:14px;background-color:#FFFFFF;">\r\n		<span style="font-family:&quot;">Essays are commonly used as&nbsp;</span><a href="https://en.wikipedia.org/wiki/Literary_criticism"><span style="font-family:&quot;">literary criticism</span></a><span style="font-family:&quot;">, political&nbsp;</span><a href="https://en.wikipedia.org/wiki/Manifestos" class="mw-redirect"><span style="font-family:&quot;">manifestos</span></a><span style="font-family:&quot;">, learned&nbsp;</span><a href="https://en.wikipedia.org/wiki/Arguments" class="mw-redirect"><span style="font-family:&quot;">arguments</span></a><span style="font-family:&quot;">, observations of daily life, recollections, and reflections of the author. Almost all modern essays are written in&nbsp;</span><a href="https://en.wikipedia.org/wiki/Prose"><span style="font-family:&quot;">prose</span></a><span style="font-family:&quot;">, but works in&nbsp;</span><a href="https://en.wikipedia.org/wiki/Poetry"><span style="font-family:&quot;">verse</span></a><span style="font-family:&quot;">&nbsp;have been dubbed essays (e.g.,&nbsp;</span><a href="https://en.wikipedia.org/wiki/Alexander_Pope"><span style="font-family:&quot;">Alexander Pope</span></a><span style="font-family:&quot;">''s&nbsp;</span><i><a href="https://en.wikipedia.org/wiki/An_Essay_on_Criticism"><span style="font-family:&quot;">An Essay on Criticism</span></a></i><span style="font-family:&quot;">&nbsp;and&nbsp;</span><i><a href="https://en.wikipedia.org/wiki/An_Essay_on_Man"><span style="font-family:&quot;">An Essay on Man</span></a></i><span style="font-family:&quot;">). While brevity usually defines an essay, voluminous works like&nbsp;</span><a href="https://en.wikipedia.org/wiki/John_Locke"><span style="font-family:&quot;">John Locke</span></a><span style="font-family:&quot;">''s&nbsp;</span><i><a href="https://en.wikipedia.org/wiki/An_Essay_Concerning_Human_Understanding"><span style="font-family:&quot;">An Essay Concerning Human Understanding</span></a></i><span style="font-family:&quot;">&nbsp;and&nbsp;</span><a href="https://en.wikipedia.org/wiki/Thomas_Malthus" class="mw-redirect"><span style="font-family:&quot;">Thomas Malthus</span></a><span style="font-family:&quot;">''s&nbsp;</span><i><a href="https://en.wikipedia.org/wiki/An_Essay_on_the_Principle_of_Population"><span style="font-family:&quot;">An Essay on the Principle of Population</span></a></i><span style="font-family:&quot;">&nbsp;are counterexamples. In some countries (e.g., the United States and Canada), essays have become a major part of formal&nbsp;</span><a href="https://en.wikipedia.org/wiki/Education"><span style="font-family:&quot;">education</span></a><span style="font-family:&quot;">. Secondary students are taught structured essay formats to improve their writing skills;&nbsp;</span><a href="https://en.wikipedia.org/wiki/Admissions_essay" class="mw-redirect"><span style="font-family:&quot;">admission essays</span></a><span style="font-family:&quot;">&nbsp;are often used by&nbsp;</span><a href="https://en.wikipedia.org/wiki/University"><span style="font-family:&quot;">universities</span></a><span style="font-family:&quot;">&nbsp;in selecting applicants, and in the humanities and social sciences essays are often used as a way of assessing the performance of students during final exa</span>\r\n	</p>\r\n</p>', 'describe faqs here');

-- --------------------------------------------------------

--
-- Table structure for table `user`
--

CREATE TABLE `user` (
  `id` int(11) NOT NULL,
  `firstname` varchar(255) COLLATE utf8_unicode_ci NOT NULL,
  `lastname` varchar(255) COLLATE utf8_unicode_ci NOT NULL,
  `idnumber` int(100) NOT NULL,
  `username` varchar(255) COLLATE utf8_unicode_ci NOT NULL,
  `auth_key` varchar(32) COLLATE utf8_unicode_ci NOT NULL,
  `password_hash` varchar(255) COLLATE utf8_unicode_ci NOT NULL,
  `password_reset_token` varchar(255) COLLATE utf8_unicode_ci DEFAULT NULL,
  `email` varchar(255) COLLATE utf8_unicode_ci NOT NULL,
  `status` smallint(6) NOT NULL DEFAULT '10',
  `created_at` date NOT NULL,
  `updated_at` date NOT NULL
) ENGINE=InnoDB DEFAULT CHARSET=utf8 COLLATE=utf8_unicode_ci;

--
-- Dumping data for table `user`
--

INSERT INTO `user` (`id`, `firstname`, `lastname`, `idnumber`, `username`, `auth_key`, `password_hash`, `password_reset_token`, `email`, `status`, `created_at`, `updated_at`) VALUES
(1, 'kipchirchir ', 'kibet', 30395439, 'chirchir', 'p1G9CLoclo0k4HE-e-iUOnD8oi_AHXcW', '$2y$13$U9pM.2f7h2Ms461Pq8IQeecYeG0RLBskCmi70tqqCgxvcJPrkHYc6', 'SnDqrNJxEde53y3MBYuEVaKOUEl6zPNF_1481177266', 'kibet760@gmail.com', 10, '2016-11-01', '0000-00-00'),
(7, 'Kipchirchir', 'kibet', 30395439, 'chirchire', 'GRXQsdnjOBpbpcJUvpNGQAV3bl-bNbU-', '$2y$13$29kHTV5jKWLvMY246m5fK.Fd3OnKicqz2fE0ncjOaPJ3xJlYKCnN6', NULL, 'kibet780@gmail.com', 10, '0000-00-00', '0000-00-00'),
(9, 'Kipchirchir', 'chirchir', 30395439, 'bett', 'F47gguhgaBWQW28ZDP34309vs8mManSM', '$2y$13$P3W8T3ZO7r8lVYEfm65TAuAnSpwaMSQ1nevkqZKnYNcNmOCMJz8WG', NULL, 'chirchirkibet4@gmail.com', 0, '0000-00-00', '0000-00-00'),
(10, 'kikchirchir', 'lkjlldfkjgdlk', 8759848, 'chiri', '2ghf3rRMCIWq7lpOJMkobpSGLCjek-3Z', '$2y$13$wgmHo3VbAfJVT2YzAKJbsO2AjNQ.emiJrX96aDfa6TCxQrlcJTgxK', NULL, 'g.chirkybet@gmail.com', 0, '0000-00-00', '0000-00-00');

--
-- Indexes for dumped tables
--

--
-- Indexes for table `auth_assignment`
--
ALTER TABLE `auth_assignment`
  ADD PRIMARY KEY (`item_name`,`user_id`);

--
-- Indexes for table `auth_item`
--
ALTER TABLE `auth_item`
  ADD PRIMARY KEY (`name`),
  ADD KEY `rule_name` (`rule_name`),
  ADD KEY `type` (`type`);

--
-- Indexes for table `auth_item_child`
--
ALTER TABLE `auth_item_child`
  ADD PRIMARY KEY (`parent`,`child`),
  ADD KEY `child` (`child`);

--
-- Indexes for table `auth_rule`
--
ALTER TABLE `auth_rule`
  ADD PRIMARY KEY (`name`);

--
-- Indexes for table `contact`
--
ALTER TABLE `contact`
  ADD PRIMARY KEY (`id`);

--
-- Indexes for table `faqs`
--
ALTER TABLE `faqs`
  ADD PRIMARY KEY (`id`);

--
-- Indexes for table `migration`
--
ALTER TABLE `migration`
  ADD PRIMARY KEY (`version`);

--
-- Indexes for table `pages`
--
ALTER TABLE `pages`
  ADD PRIMARY KEY (`page_id`);

--
-- Indexes for table `site_description`
--
ALTER TABLE `site_description`
  ADD PRIMARY KEY (`id`);

--
-- Indexes for table `user`
--
ALTER TABLE `user`
  ADD PRIMARY KEY (`id`),
  ADD UNIQUE KEY `username` (`username`),
  ADD UNIQUE KEY `email` (`email`),
  ADD UNIQUE KEY `password_reset_token` (`password_reset_token`);

--
-- AUTO_INCREMENT for dumped tables
--

--
-- AUTO_INCREMENT for table `contact`
--
ALTER TABLE `contact`
  MODIFY `id` int(11) NOT NULL AUTO_INCREMENT;
--
-- AUTO_INCREMENT for table `faqs`
--
ALTER TABLE `faqs`
  MODIFY `id` int(11) NOT NULL AUTO_INCREMENT, AUTO_INCREMENT=8;
--
-- AUTO_INCREMENT for table `pages`
--
ALTER TABLE `pages`
  MODIFY `page_id` int(255) NOT NULL AUTO_INCREMENT, AUTO_INCREMENT=4;
--
-- AUTO_INCREMENT for table `site_description`
--
ALTER TABLE `site_description`
  MODIFY `id` int(11) NOT NULL AUTO_INCREMENT, AUTO_INCREMENT=5;
--
-- AUTO_INCREMENT for table `user`
--
ALTER TABLE `user`
  MODIFY `id` int(11) NOT NULL AUTO_INCREMENT, AUTO_INCREMENT=11;
--
-- Constraints for dumped tables
--

--
-- Constraints for table `auth_assignment`
--
ALTER TABLE `auth_assignment`
  ADD CONSTRAINT `auth_assignment_ibfk_1` FOREIGN KEY (`item_name`) REFERENCES `auth_item` (`name`) ON DELETE CASCADE ON UPDATE CASCADE;

--
-- Constraints for table `auth_item`
--
ALTER TABLE `auth_item`
  ADD CONSTRAINT `auth_item_ibfk_1` FOREIGN KEY (`rule_name`) REFERENCES `auth_rule` (`name`) ON DELETE SET NULL ON UPDATE CASCADE;

--
-- Constraints for table `auth_item_child`
--
ALTER TABLE `auth_item_child`
  ADD CONSTRAINT `auth_item_child_ibfk_1` FOREIGN KEY (`parent`) REFERENCES `auth_item` (`name`) ON DELETE CASCADE ON UPDATE CASCADE,
  ADD CONSTRAINT `auth_item_child_ibfk_2` FOREIGN KEY (`child`) REFERENCES `auth_item` (`name`) ON DELETE CASCADE ON UPDATE CASCADE;

/*!40101 SET CHARACTER_SET_CLIENT=@OLD_CHARACTER_SET_CLIENT */;
/*!40101 SET CHARACTER_SET_RESULTS=@OLD_CHARACTER_SET_RESULTS */;
/*!40101 SET COLLATION_CONNECTION=@OLD_COLLATION_CONNECTION */;
